delta,margin,robot_r,flip_rate
-0.4,-0.03,0.8300000000000003,0.0
-0.4,-0.0275,0.8275000000000002,0.0
-0.4,-0.024999999999999998,0.8250000000000003,0.0
-0.4,-0.0225,0.8225000000000002,0.0
-0.4,-0.019999999999999997,0.8200000000000003,0.0
-0.4,-0.017499999999999998,0.8175000000000002,0.0
-0.4,-0.015,0.8150000000000003,0.0
-0.4,-0.012499999999999997,0.8125000000000002,0.0
-0.4,-0.009999999999999998,0.8100000000000003,0.0
-0.4,-0.0075,0.8075000000000002,0.0
-0.4,-0.0049999999999999975,0.8050000000000003,0.0
-0.4,-0.0024999999999999988,0.8025000000000002,0.0
-0.4,0.0,0.8000000000000003,0.0
-0.4,0.0025000000000000022,0.7975000000000003,0.0
-0.4,0.0050000000000000044,0.7950000000000003,0.0
-0.4,0.0075,0.7925000000000003,0.0
-0.4,0.010000000000000002,0.7900000000000003,0.0
-0.4,0.012500000000000004,0.7875000000000003,0.0
-0.4,0.015,0.7850000000000003,0.0
-0.4,0.0175,0.7825000000000003,0.0
-0.4,0.020000000000000004,0.7800000000000002,0.0
-0.4,0.0225,0.7775000000000003,0.0
-0.4,0.025,0.7750000000000002,0.0
-0.4,0.027500000000000004,0.7725000000000003,0.0
-0.4,0.03,0.7700000000000002,0.0
-0.1,-0.03,0.7800000000000002,0.0
-0.1,-0.0275,0.7775000000000002,0.0
-0.1,-0.024999999999999998,0.7750000000000002,0.0
-0.1,-0.0225,0.7725000000000002,0.0
-0.1,-0.019999999999999997,0.7700000000000002,0.0
-0.1,-0.017499999999999998,0.7675000000000002,0.0
-0.1,-0.015,0.7650000000000002,0.0
-0.1,-0.012499999999999997,0.7625000000000002,0.0
-0.1,-0.009999999999999998,0.7600000000000002,0.0
-0.1,-0.0075,0.7575000000000002,0.1195
-0.1,-0.0049999999999999975,0.7550000000000002,0.2375
-0.1,-0.0024999999999999988,0.7525000000000002,0.3545
-0.1,0.0,0.7500000000000002,0.4875
-0.1,0.0025000000000000022,0.7475000000000003,0.3795
-0.1,0.0050000000000000044,0.7450000000000002,0.245
-0.1,0.0075,0.7425000000000003,0.1095
-0.1,0.010000000000000002,0.7400000000000002,0.0
-0.1,0.012500000000000004,0.7375000000000003,0.0
-0.1,0.015,0.7350000000000002,0.0
-0.1,0.0175,0.7325000000000003,0.0
-0.1,0.020000000000000004,0.7300000000000002,0.0
-0.1,0.0225,0.7275000000000003,0.0
-0.1,0.025,0.7250000000000002,0.0
-0.1,0.027500000000000004,0.7225000000000003,0.0
-0.1,0.03,0.7200000000000002,0.0
0.05,-0.03,0.7050000000000003,0.0
0.05,-0.0275,0.7025000000000002,0.0
0.05,-0.024999999999999998,0.7000000000000003,0.0
0.05,-0.0225,0.6975000000000002,0.0
0.05,-0.019999999999999997,0.6950000000000003,0.0
0.05,-0.017499999999999998,0.6925000000000002,0.0
0.05,-0.015,0.6900000000000003,0.0
0.05,-0.012499999999999997,0.6875000000000002,0.0
0.05,-0.009999999999999998,0.6850000000000003,0.0
0.05,-0.0075,0.6825000000000002,0.249
0.05,-0.0049999999999999975,0.6800000000000003,0.4945
0.05,-0.0024999999999999988,0.6775000000000002,0.739
0.05,0.0,0.6750000000000003,1.0
0.05,0.0025000000000000022,0.6725000000000003,0.0
0.05,0.0050000000000000044,0.6700000000000003,0.0
0.05,0.0075,0.6675000000000003,0.0
0.05,0.010000000000000002,0.6650000000000003,0.0
0.05,0.012500000000000004,0.6625000000000003,0.0
0.05,0.015,0.6600000000000003,0.0
0.05,0.0175,0.6575000000000003,0.0
0.05,0.020000000000000004,0.6550000000000002,0.0
0.05,0.0225,0.6525000000000003,0.0
0.05,0.025,0.6500000000000002,0.0
0.05,0.027500000000000004,0.6475000000000003,0.0
0.05,0.03,0.6450000000000002,0.0
